candidate_id,formula_family,data_theme,score,action,gate_reasons,quality_component,risk_penalty,crowding_penalty,novelty_component,feasibility_component,sharpe,fitness,turnover,drawdown,margin_bps,self_correlation,novelty,active_similarity,family_saturation,oos_decay,coverage,complexity,operator_count,validation_window,notes
C0070,capital_efficiency,fundamental,1.2249,promote,pass,1.3375,0.2279,0.3931,0.3511,0.1573,1.50,1.30,0.20,0.050,7.3,0.29,0.63,0.15,0.35,0.08,0.87,0.70,7,recent_family_holdout,promising if novelty survives family holdout
C0207,quality_revision,fundamental,1.2213,promote,pass,1.1016,0.4485,0.1317,0.5219,0.1780,1.28,1.04,0.44,0.060,5.1,0.12,0.93,0.05,0.08,0.36,0.99,0.30,4,recent_family_holdout,promising if novelty survives family holdout
C0097,capital_efficiency,fundamental,1.2140,promote,pass,1.2854,0.2903,0.3134,0.3629,0.1696,1.42,1.16,0.31,0.035,7.5,0.20,0.65,0.12,0.33,0.19,0.94,0.63,7,recent_family_holdout,promising if novelty survives family holdout
C0054,capital_efficiency,fundamental,1.1955,promote,pass,1.4323,0.3661,0.4404,0.4183,0.1514,1.78,1.23,0.42,0.038,7.7,0.12,0.75,0.47,0.40,0.23,0.84,0.61,7,recent_family_holdout,promising if novelty survives family holdout
C0008,analyst_revision,estimates,1.1506,promote,pass,1.2932,0.4190,0.4196,0.5208,0.1751,1.51,1.25,0.34,0.072,6.2,0.32,0.93,0.30,0.15,0.28,0.97,0.90,8,recent_family_holdout,promising if novelty survives family holdout
C0133,short_interest_stress,short_interest,1.0612,promote,pass,1.0252,0.1906,0.2974,0.3892,0.1348,1.07,1.02,0.16,0.045,5.9,0.13,0.69,0.18,0.35,0.10,0.75,0.50,7,recent_family_holdout,promising if novelty survives family holdout
C0099,earnings_response,news_event,1.0285,promote,pass,1.2060,0.3395,0.4920,0.5141,0.1400,1.45,1.10,0.37,0.033,6.3,0.34,0.92,0.41,0.18,0.27,0.78,0.39,4,recent_family_holdout,promising if novelty survives family holdout
C0055,asset_light_reinvestment,fundamental,1.0186,promote,pass,1.2787,0.3175,0.5488,0.4340,0.1723,1.49,1.13,0.37,0.034,7.0,0.42,0.78,0.36,0.24,0.20,0.96,0.36,5,recent_family_holdout,promising if novelty survives family holdout
C0182,volume_reversal,price_volume,0.9931,promote,pass,1.0634,0.3533,0.2749,0.4032,0.1546,1.09,1.18,0.36,0.055,5.3,0.23,0.72,0.18,0.08,0.22,0.86,0.15,4,recent_family_holdout,promising if novelty survives family holdout
C0228,capital_efficiency,fundamental,0.9917,promote,pass,1.0080,0.3357,0.3057,0.4721,0.1530,1.11,1.03,0.41,0.042,4.8,0.28,0.84,0.14,0.12,0.12,0.85,0.71,8,recent_family_holdout,promising if novelty survives family holdout
C0006,asset_light_reinvestment,fundamental,0.9878,promote,pass,1.1648,0.4217,0.2646,0.3506,0.1588,1.34,0.99,0.57,0.029,6.7,0.12,0.63,0.31,0.09,0.19,0.88,0.72,6,recent_family_holdout,promising if novelty survives family holdout
C0236,asset_light_reinvestment,fundamental,0.9816,promote,pass,1.2032,0.1817,0.3480,0.1719,0.1363,1.35,1.27,0.15,0.036,6.0,0.10,0.31,0.42,0.23,0.14,0.76,0.39,7,recent_family_holdout,promising if novelty survives family holdout
C0184,asset_light_reinvestment,fundamental,0.9168,review,pass,1.4628,0.2181,0.6876,0.2022,0.1575,1.69,1.37,0.18,0.047,8.2,0.41,0.36,0.47,0.51,0.10,0.88,0.68,8,recent_family_holdout,promising if novelty survives family holdout
C0017,accrual_quality,fundamental,0.8860,review,pass,1.1050,0.2706,0.3188,0.2307,0.1397,1.23,1.01,0.31,0.048,6.3,0.27,0.41,0.18,0.13,0.07,0.78,0.61,6,recent_family_holdout,promising if novelty survives family holdout
C0048,asset_light_reinvestment,fundamental,0.8670,review,pass,1.0810,0.2427,0.4651,0.3198,0.1741,1.17,1.11,0.20,0.048,5.2,0.30,0.57,0.28,0.35,0.18,0.97,0.56,6,recent_family_holdout,promising if novelty survives family holdout
C0089,quality_revision,fundamental,0.8656,review,pass,1.1702,0.3346,0.5463,0.4166,0.1597,1.30,1.20,0.33,0.066,5.7,0.36,0.74,0.47,0.20,0.16,0.89,0.34,4,recent_family_holdout,promising if novelty survives family holdout
C0162,asset_light_reinvestment,fundamental,0.8511,review,pass,1.2005,0.3071,0.4866,0.3058,0.1386,1.40,1.20,0.24,0.066,5.9,0.28,0.55,0.42,0.26,0.22,0.77,0.12,2,recent_family_holdout,promising if novelty survives family holdout
C0058,short_interest_stress,short_interest,0.7902,review,pass,0.9213,0.2159,0.3360,0.2845,0.1363,0.86,0.84,0.12,0.038,6.3,0.23,0.51,0.30,0.08,0.27,0.76,0.54,8,recent_family_holdout,promising if novelty survives family holdout
C0220,options_pressure,derivatives,0.7730,review,pass,1.1284,0.2345,0.5006,0.2430,0.1366,1.18,1.21,0.29,0.027,6.0,0.38,0.43,0.35,0.19,0.11,0.76,0.40,6,recent_family_holdout,promising if novelty survives family holdout
C0152,event_pressure,news_event,0.7635,review,pass,1.1317,0.4167,0.3050,0.2117,0.1418,1.32,1.11,0.46,0.048,5.5,0.28,0.38,0.17,0.08,0.24,0.79,0.74,6,recent_family_holdout,promising if novelty survives family holdout
C0197,analyst_revision,estimates,0.7619,review,pass,0.9017,0.4278,0.2300,0.3590,0.1591,0.99,0.82,0.55,0.052,4.7,0.23,0.64,0.08,0.09,0.17,0.88,0.56,6,recent_family_holdout,promising if novelty survives family holdout
C0114,short_interest_stress,short_interest,0.7556,review,pass,1.0598,0.3006,0.5637,0.3909,0.1692,1.16,1.05,0.30,0.057,5.3,0.37,0.70,0.38,0.37,0.14,0.94,0.61,4,recent_family_holdout,promising if novelty survives family holdout
C0189,event_pressure,news_event,0.7402,review,pass,1.1414,0.2737,0.6482,0.3444,0.1762,1.29,0.95,0.18,0.068,6.5,0.48,0.61,0.34,0.44,0.20,0.98,0.53,5,recent_family_holdout,promising if novelty survives family holdout
C0187,analyst_revision,estimates,0.7266,review,pass,0.9202,0.2640,0.3308,0.2593,0.1420,1.01,0.89,0.35,0.034,4.7,0.33,0.46,0.13,0.12,0.05,0.79,0.68,8,recent_family_holdout,promising if novelty survives family holdout
C0138,analyst_revision,estimates,0.7137,review,pass,1.0671,0.3479,0.3866,0.2430,0.1381,1.22,1.17,0.36,0.031,4.6,0.35,0.43,0.20,0.15,0.30,0.77,0.66,7,recent_family_holdout,promising if novelty survives family holdout
C0177,asset_light_reinvestment,fundamental,0.7130,review,pass,0.9375,0.2210,0.3412,0.1848,0.1528,0.92,1.02,0.20,0.027,4.9,0.25,0.33,0.29,0.08,0.22,0.85,0.41,6,recent_family_holdout,promising if novelty survives family holdout
C0202,short_interest_stress,short_interest,0.6923,review,pass,1.0976,0.3717,0.5953,0.4060,0.1557,1.17,1.12,0.36,0.066,5.8,0.40,0.72,0.40,0.37,0.20,0.86,0.59,7,recent_family_holdout,promising if novelty survives family holdout
C0208,earnings_response,news_event,0.6750,review,pass,0.9728,0.2939,0.3579,0.1792,0.1748,0.98,0.92,0.38,0.033,5.5,0.26,0.32,0.17,0.28,0.12,0.97,0.40,4,recent_family_holdout,promising if novelty survives family holdout
C0041,event_pressure,news_event,0.6680,review,pass,0.8897,0.3493,0.4374,0.4133,0.1517,0.89,0.96,0.27,0.059,4.4,0.30,0.74,0.33,0.20,0.33,0.84,0.22,5,recent_family_holdout,promising if novelty survives family holdout
C0021,short_interest_stress,short_interest,0.6660,review,pass,0.9260,0.3314,0.4593,0.3702,0.1606,1.01,0.93,0.37,0.046,4.3,0.20,0.66,0.41,0.35,0.16,0.89,0.69,9,recent_family_holdout,promising if novelty survives family holdout
C0192,quality_revision,fundamental,0.6642,review,pass,0.9905,0.4238,0.3560,0.2817,0.1719,1.06,0.96,0.40,0.073,5.0,0.29,0.50,0.27,0.08,0.28,0.95,0.55,7,recent_family_holdout,promising if novelty survives family holdout
C0185,short_interest_stress,short_interest,0.6588,review,pass,1.0185,0.3762,0.4519,0.3086,0.1598,1.14,0.97,0.46,0.051,5.1,0.28,0.55,0.29,0.34,0.16,0.89,0.28,4,recent_family_holdout,promising if novelty survives family holdout
C0153,analyst_revision,estimates,0.6397,review,pass,0.9505,0.2366,0.5120,0.3024,0.1354,0.95,0.94,0.16,0.054,5.7,0.42,0.54,0.28,0.24,0.17,0.75,0.63,8,recent_family_holdout,promising if novelty survives family holdout
C0235,earnings_response,news_event,0.6364,review,pass,1.0433,0.2595,0.4591,0.1389,0.1728,1.11,1.01,0.21,0.032,5.5,0.32,0.25,0.31,0.26,0.26,0.96,0.66,8,recent_family_holdout,promising if novelty survives family holdout
C0193,quality_revision,fundamental,0.6192,review,pass,0.9491,0.2293,0.5796,0.3270,0.1519,0.99,0.85,0.25,0.056,5.7,0.45,0.58,0.37,0.25,0.02,0.84,0.56,4,recent_family_holdout,promising if novelty survives family holdout
C0223,quality_revision,fundamental,0.6076,review,pass,1.3147,0.3736,0.6677,0.1579,0.1764,1.42,1.19,0.40,0.041,7.9,0.38,0.28,0.49,0.49,0.28,0.98,0.53,5,recent_family_holdout,promising if novelty survives family holdout
C0210,capital_efficiency,fundamental,0.6017,review,pass,1.2426,0.3110,0.6033,0.0952,0.1782,1.36,1.13,0.21,0.074,7.0,0.36,0.17,0.43,0.44,0.24,0.99,0.39,4,recent_family_holdout,promising if novelty survives family holdout
C0180,asset_light_reinvestment,fundamental,0.5748,review,pass,0.9234,0.2665,0.4692,0.2307,0.1564,0.86,0.98,0.28,0.025,5.2,0.31,0.41,0.36,0.23,0.24,0.87,0.54,7,recent_family_holdout,promising if novelty survives family holdout
C0134,crowded_momentum,price_volume,0.5684,review,pass,1.1366,0.4022,0.4576,0.1439,0.1476,1.32,1.14,0.43,0.062,5.4,0.25,0.26,0.35,0.34,0.23,0.82,0.43,5,recent_family_holdout,promising if novelty survives family holdout
C0050,earnings_response,news_event,0.5664,review,pass,0.9543,0.2575,0.5401,0.2447,0.1649,0.92,0.93,0.26,0.037,5.7,0.30,0.44,0.44,0.36,0.18,0.92,0.54,7,recent_family_holdout,promising if novelty survives family holdout
C0204,quality_revision,fundamental,0.5607,review,pass,1.1075,0.3253,0.7476,0.3808,0.1453,1.30,0.88,0.23,0.074,6.5,0.48,0.68,0.49,0.53,0.21,0.81,0.72,10,recent_family_holdout,promising if novelty survives family holdout
C0107,liquidity_need,price_volume,0.5523,review,pass,0.9614,0.4544,0.4541,0.3276,0.1717,1.06,0.92,0.55,0.074,4.6,0.18,0.58,0.44,0.33,0.13,0.95,0.28,4,recent_family_holdout,promising if novelty survives family holdout
C0225,earnings_response,news_event,0.5453,review,pass,0.8438,0.3663,0.5118,0.4334,0.1462,0.88,0.78,0.54,0.031,4.7,0.37,0.77,0.27,0.37,0.10,0.81,0.41,5,recent_family_holdout,promising if novelty survives family holdout
C0174,quality_revision,fundamental,0.5293,review,pass,1.2016,0.4390,0.6632,0.2593,0.1706,1.32,1.16,0.51,0.038,6.4,0.52,0.46,0.36,0.37,0.33,0.95,0.28,4,recent_family_holdout,promising if novelty survives family holdout
C0063,earnings_response,news_event,0.5088,review,pass,0.9629,0.4985,0.5279,0.4245,0.1478,1.16,0.83,0.53,0.065,4.7,0.34,0.76,0.40,0.29,0.33,0.82,0.59,8,recent_family_holdout,promising if novelty survives family holdout
C0159,short_interest_stress,short_interest,0.5064,review,pass,0.9113,0.3253,0.6352,0.4222,0.1334,0.98,0.98,0.30,0.068,4.3,0.48,0.75,0.41,0.29,0.17,0.74,0.35,4,recent_family_holdout,promising if novelty survives family holdout
C0004,options_pressure,derivatives,0.4994,review,pass,0.9318,0.3742,0.4953,0.2778,0.1593,1.00,1.00,0.43,0.070,4.1,0.48,0.50,0.18,0.21,0.08,0.89,0.67,8,recent_family_holdout,promising if novelty survives family holdout
C0232,capital_efficiency,fundamental,0.4807,review,pass,1.0097,0.2786,0.5331,0.1411,0.1415,1.13,1.00,0.27,0.041,5.0,0.30,0.25,0.33,0.48,0.14,0.79,0.81,9,recent_family_holdout,promising if novelty survives family holdout
C0076,volume_reversal,price_volume,0.4675,review,pass,0.9796,0.4173,0.5816,0.3534,0.1334,1.05,1.00,0.53,0.035,5.2,0.33,0.63,0.49,0.33,0.25,0.74,0.52,6,recent_family_holdout,promising if novelty survives family holdout
C0130,asset_light_reinvestment,fundamental,0.4527,review,pass,1.0384,0.3417,0.5010,0.1064,0.1505,1.15,1.00,0.50,0.035,5.4,0.28,0.19,0.48,0.23,0.08,0.84,0.37,3,recent_family_holdout,promising if novelty survives family holdout
C0100,earnings_response,news_event,0.4476,review,pass,0.9740,0.2231,0.5227,0.0566,0.1629,0.99,1.04,0.13,0.046,4.8,0.29,0.10,0.35,0.44,0.16,0.91,0.87,9,recent_family_holdout,promising if novelty survives family holdout
C0086,short_interest_stress,short_interest,0.4325,review,pass,0.9301,0.3652,0.3488,0.0778,0.1386,1.04,0.82,0.45,0.049,5.2,0.16,0.14,0.29,0.28,0.14,0.77,0.56,6,recent_family_holdout,promising if novelty survives family holdout
C0002,event_pressure,news_event,0.4324,review,pass,1.0335,0.3952,0.5385,0.1747,0.1579,1.16,0.98,0.38,0.059,5.3,0.38,0.31,0.26,0.42,0.22,0.88,0.85,8,recent_family_holdout,promising if novelty survives family holdout
C0167,short_interest_stress,short_interest,0.4270,review,pass,0.8608,0.3841,0.5106,0.3242,0.1366,0.92,0.86,0.47,0.028,4.4,0.51,0.58,0.13,0.28,0.21,0.76,0.80,8,recent_family_holdout,promising if novelty survives family holdout
C0142,crowded_momentum,price_volume,0.3882,review,pass,0.9152,0.3149,0.7616,0.3909,0.1588,0.93,0.92,0.35,0.035,4.8,0.39,0.70,0.52,0.70,0.15,0.88,0.84,9,recent_family_holdout,promising if novelty survives family holdout
C0083,volume_reversal,price_volume,0.3746,review,pass,0.8672,0.4813,0.5914,0.4267,0.1534,0.95,0.73,0.57,0.072,4.8,0.38,0.76,0.46,0.31,0.14,0.85,0.76,9,recent_family_holdout,promising if novelty survives family holdout
C0218,earnings_response,news_event,0.3470,review,pass,0.8907,0.2531,0.5110,0.0790,0.1415,0.87,1.06,0.27,0.041,4.1,0.26,0.14,0.44,0.35,0.14,0.79,0.29,4,recent_family_holdout,promising if novelty survives family holdout
C0221,capital_efficiency,fundamental,0.3465,review,pass,1.1301,0.3444,0.7699,0.1702,0.1604,1.22,1.14,0.46,0.061,5.9,0.56,0.30,0.49,0.42,0.02,0.89,0.25,3,recent_family_holdout,promising if novelty survives family holdout
C0024,capital_efficiency,fundamental,0.3130,review,pass,0.9480,0.3198,0.7612,0.3024,0.1436,1.00,0.92,0.41,0.044,5.2,0.52,0.54,0.37,0.64,0.10,0.80,0.14,4,recent_family_holdout,promising if novelty survives family holdout
C0071,quality_revision,fundamental,0.2552,review,pass,1.0166,0.2298,0.7602,0.0510,0.1777,1.05,1.08,0.15,0.044,4.8,0.53,0.09,0.47,0.48,0.23,0.99,0.19,3,recent_family_holdout,promising if novelty survives family holdout
C0188,crowded_momentum,price_volume,0.1965,review,pass,0.9558,0.2895,0.7920,0.1529,0.1694,1.06,0.89,0.26,0.068,4.7,0.48,0.27,0.47,0.67,0.13,0.94,0.41,5,recent_family_holdout,promising if novelty survives family holdout
C0179,asset_light_reinvestment,fundamental,0.1964,review,pass,0.9003,0.2050,0.7728,0.1361,0.1379,0.90,1.00,0.15,0.054,4.5,0.50,0.24,0.53,0.50,0.12,0.77,0.39,4,recent_family_holdout,promising if novelty survives family holdout
C0172,accrual_quality,fundamental,0.1827,review,pass,0.9035,0.3446,0.7602,0.2262,0.1579,0.86,0.91,0.36,0.054,5.2,0.51,0.40,0.42,0.59,0.16,0.88,0.71,8,recent_family_holdout,promising if novelty survives family holdout
C0012,short_interest_stress,short_interest,0.1306,review,pass,0.8711,0.2856,0.7379,0.1221,0.1609,0.86,0.91,0.30,0.061,4.4,0.43,0.22,0.43,0.68,0.08,0.89,0.33,5,recent_family_holdout,promising if novelty survives family holdout
C0120,quality_revision,fundamental,0.0996,review,pass,0.9439,0.3004,0.7881,0.0795,0.1647,0.88,0.97,0.19,0.045,5.4,0.51,0.14,0.50,0.56,0.35,0.92,0.63,9,recent_family_holdout,promising if novelty survives family holdout
C0026,liquidity_need,price_volume,0.0840,review,pass,0.9751,0.4486,0.6484,0.0454,0.1606,1.08,0.94,0.55,0.062,4.8,0.42,0.08,0.45,0.42,0.18,0.89,0.12,4,recent_family_holdout,promising if novelty survives family holdout
C0018,accrual_quality,fundamental,0.0524,review,pass,0.8278,0.4334,0.7090,0.2324,0.1346,0.90,0.75,0.47,0.072,4.5,0.43,0.41,0.48,0.52,0.20,0.75,0.58,8,recent_family_holdout,promising if novelty survives family holdout
C0176,quality_revision,fundamental,0.6031,refine,pass,0.9459,0.3012,0.3642,0.3797,-0.0571,1.00,0.98,0.13,0.058,4.8,0.31,0.68,0.20,0.15,0.41,0.79,0.37,5,recent_family_holdout,needs refinement before promotion
C0205,event_pressure,news_event,0.5656,refine,pass,1.2468,0.1954,0.7147,0.2542,-0.0254,1.41,1.20,0.14,0.034,6.3,0.61,0.45,0.30,0.42,0.20,0.97,0.53,6,recent_family_holdout,needs refinement before promotion
C0222,liquidity_need,price_volume,0.5039,refine,pass,0.9250,0.4429,0.4665,0.5376,-0.0493,1.01,0.95,0.40,0.053,4.4,0.27,0.96,0.41,0.24,0.40,0.84,0.69,7,recent_family_holdout,needs refinement before promotion
C0171,accrual_quality,fundamental,0.4046,refine,pass,0.9688,0.4519,0.3386,0.2884,-0.0621,1.07,0.93,0.36,0.074,5.2,0.22,0.52,0.27,0.16,0.42,0.77,0.47,5,recent_family_holdout,needs refinement before promotion
C0109,accrual_quality,fundamental,0.2252,refine,pass,1.0312,0.3345,0.7304,0.3248,-0.0659,1.12,1.05,0.43,0.032,5.4,0.43,0.58,0.55,0.48,0.17,0.74,0.16,4,recent_family_holdout,needs refinement before promotion
C0201,short_interest_stress,short_interest,0.2070,refine,self_correlation_watch,1.1149,0.3343,0.9019,0.3528,-0.0245,1.23,1.11,0.23,0.051,5.5,0.63,0.63,0.52,0.62,0.38,0.97,0.18,2,recent_family_holdout,needs refinement before promotion
C0013,quality_revision,fundamental,0.0726,refine,pass,0.9744,0.2702,0.8930,0.2878,-0.0265,0.99,0.97,0.31,0.039,5.1,0.60,0.51,0.57,0.60,0.10,0.96,0.65,6,recent_family_holdout,needs refinement before promotion
C0212,asset_light_reinvestment,fundamental,-0.0036,refine,pass,1.0013,0.3525,0.8978,0.2789,-0.0335,0.99,1.04,0.32,0.071,5.4,0.57,0.50,0.60,0.61,0.18,0.93,0.65,7,recent_family_holdout,needs refinement before promotion
C0123,capital_efficiency,fundamental,-0.1890,refine,pass,0.9287,0.3115,0.8258,0.0454,-0.0258,0.96,0.93,0.38,0.047,4.6,0.47,0.08,0.58,0.65,0.09,0.97,0.61,8,recent_family_holdout,needs refinement before promotion
C0169,volume_reversal,price_volume,-0.1910,refine,pass,0.9298,0.2950,0.8790,0.1036,-0.0504,0.94,0.90,0.29,0.030,5.3,0.55,0.18,0.61,0.58,0.25,0.83,0.69,6,recent_family_holdout,needs refinement before promotion
C0238,earnings_response,news_event,0.8376,block,weak_sharpe,0.8204,0.2055,0.3953,0.4838,0.1343,0.77,0.87,0.23,0.046,4.7,0.24,0.86,0.29,0.26,0.03,0.75,0.43,6,recent_family_holdout,promising if novelty survives family holdout
C0078,capital_efficiency,fundamental,0.8154,block,coverage_gap,1.1650,0.2653,0.4846,0.2722,0.1282,1.22,1.19,0.18,0.069,6.8,0.50,0.49,0.18,0.14,0.17,0.71,0.32,6,recent_family_holdout,promising if novelty survives family holdout
C0224,capital_efficiency,fundamental,0.7616,block,oos_decay_risk,1.2090,0.4128,0.4217,0.4110,-0.0240,1.27,1.29,0.33,0.048,6.1,0.31,0.73,0.30,0.17,0.47,0.98,0.42,6,recent_family_holdout,needs refinement before promotion
C0088,options_pressure,derivatives,0.7248,block,coverage_gap,1.0234,0.3097,0.6311,0.5191,0.1229,1.03,1.11,0.18,0.061,5.7,0.55,0.93,0.31,0.29,0.34,0.68,0.58,7,recent_family_holdout,promising if novelty survives family holdout
C0135,quality_revision,fundamental,0.7173,block,weak_sharpe,0.8381,0.2461,0.3923,0.3444,0.1732,0.77,0.82,0.13,0.049,4.8,0.21,0.61,0.40,0.15,0.26,0.96,0.69,6,recent_family_holdout,promising if novelty survives family holdout
C0061,quality_revision,fundamental,0.7032,block,coverage_gap,1.1313,0.3195,0.4873,0.4497,-0.0709,1.30,1.19,0.20,0.048,5.4,0.34,0.80,0.34,0.27,0.41,0.72,0.27,5,recent_family_holdout,needs refinement before promotion
C0068,volume_reversal,price_volume,0.7008,block,weak_sharpe,0.7796,0.2608,0.3961,0.4110,0.1670,0.71,0.78,0.34,0.040,4.3,0.35,0.73,0.26,0.09,0.05,0.93,0.40,5,recent_family_holdout,promising if novelty survives family holdout
C0148,quality_revision,fundamental,0.6793,block,oos_decay_risk,0.9540,0.3340,0.2632,0.3500,-0.0276,0.99,1.00,0.23,0.044,4.5,0.25,0.62,0.13,0.08,0.42,0.96,0.41,6,recent_family_holdout,needs refinement before promotion
C0146,short_interest_stress,short_interest,0.6033,block,coverage_gap,0.9052,0.3564,0.3604,0.2873,0.1276,0.92,0.85,0.48,0.051,5.6,0.20,0.51,0.31,0.21,0.05,0.71,0.65,5,recent_family_holdout,promising if novelty survives family holdout
C0022,volume_reversal,price_volume,0.5843,block,turnover_risk;coverage_gap,0.8601,0.5171,0.3086,0.4234,0.1265,0.95,0.89,0.67,0.051,4.1,0.24,0.76,0.23,0.10,0.19,0.70,0.81,11,recent_family_holdout,promising if novelty survives family holdout
C0101,quality_revision,fundamental,0.5829,block,coverage_gap,1.0379,0.3758,0.3559,0.1467,0.1300,1.29,1.03,0.56,0.033,4.4,0.20,0.26,0.32,0.19,0.08,0.72,0.47,6,recent_family_holdout,promising if novelty survives family holdout
C0060,earnings_response,news_event,0.5708,block,thin_margin,0.8254,0.3064,0.3328,0.2475,0.1370,0.87,0.90,0.28,0.071,3.8,0.27,0.44,0.20,0.14,0.14,0.76,0.44,6,recent_family_holdout,promising if novelty survives family holdout
C0112,accrual_quality,fundamental,0.5612,block,oos_decay_risk;coverage_gap,0.9976,0.3355,0.4182,0.3853,-0.0679,1.04,1.00,0.20,0.036,5.6,0.31,0.69,0.24,0.25,0.45,0.73,0.80,8,recent_family_holdout,needs refinement before promotion
C0160,liquidity_need,price_volume,0.5529,block,weak_sharpe,0.9026,0.4433,0.3451,0.2766,0.1620,0.84,0.95,0.58,0.034,5.0,0.26,0.49,0.21,0.19,0.26,0.90,0.53,7,recent_family_holdout,promising if novelty survives family holdout
C0032,options_pressure,derivatives,0.5524,block,coverage_gap,0.8555,0.3308,0.4559,0.3545,0.1292,0.89,0.93,0.30,0.035,4.3,0.27,0.63,0.23,0.46,0.30,0.72,0.74,8,recent_family_holdout,promising if novelty survives family holdout
C0104,analyst_revision,estimates,0.5384,block,coverage_gap,1.0478,0.2330,0.4635,0.0594,0.1278,1.19,1.10,0.18,0.053,5.1,0.34,0.11,0.26,0.29,0.16,0.71,0.39,4,recent_family_holdout,promising if novelty survives family holdout
C0091,accrual_quality,fundamental,0.5152,block,coverage_gap,1.0726,0.1967,0.5799,0.0913,0.1280,1.20,1.06,0.23,0.028,5.8,0.50,0.16,0.22,0.38,0.10,0.71,0.37,4,recent_family_holdout,promising if novelty survives family holdout
C0015,capital_efficiency,fundamental,0.5091,block,weak_sharpe,0.8134,0.2256,0.5533,0.3231,0.1514,0.79,0.86,0.20,0.064,4.1,0.48,0.58,0.26,0.28,0.05,0.84,0.40,5,recent_family_holdout,promising if novelty survives family holdout
C0200,event_pressure,news_event,0.5053,block,weak_sharpe;thin_margin,0.6908,0.3322,0.4465,0.4491,0.1440,0.59,0.77,0.34,0.040,3.8,0.36,0.80,0.34,0.09,0.23,0.80,0.67,8,recent_family_holdout,promising if novelty survives family holdout
C0227,quality_revision,fundamental,0.4963,block,oos_decay_risk,1.0969,0.5330,0.2945,0.2598,-0.0330,1.26,1.16,0.41,0.056,4.6,0.12,0.46,0.38,0.08,0.66,0.93,0.64,6,recent_family_holdout,needs refinement before promotion
C0093,asset_light_reinvestment,fundamental,0.4956,block,coverage_gap,1.0013,0.3060,0.4616,0.1350,0.1269,1.17,0.98,0.36,0.040,4.9,0.26,0.24,0.30,0.40,0.16,0.70,0.55,6,recent_family_holdout,promising if novelty survives family holdout
C0053,event_pressure,news_event,0.4558,block,coverage_gap,0.8875,0.3130,0.3557,0.3058,-0.0688,0.96,0.89,0.25,0.032,4.5,0.21,0.55,0.34,0.13,0.39,0.73,0.12,3,recent_family_holdout,needs refinement before promotion
C0031,quality_revision,fundamental,0.4253,block,thin_margin,0.9057,0.4759,0.4706,0.3315,0.1346,0.99,1.05,0.56,0.038,3.6,0.26,0.59,0.37,0.33,0.36,0.75,0.44,6,recent_family_holdout,promising if novelty survives family holdout
C0080,short_interest_stress,short_interest,0.4188,block,coverage_gap,0.9078,0.2983,0.5130,0.1960,0.1264,0.91,0.99,0.32,0.040,4.9,0.33,0.35,0.31,0.40,0.17,0.70,0.68,6,recent_family_holdout,promising if novelty survives family holdout
C0132,asset_light_reinvestment,fundamental,0.4178,block,oos_decay_risk,1.0651,0.5181,0.5367,0.4570,-0.0495,1.22,1.10,0.49,0.052,4.9,0.59,0.82,0.09,0.24,0.52,0.84,0.44,6,recent_family_holdout,needs refinement before promotion
C0067,liquidity_need,price_volume,0.4131,block,weak_sharpe,0.8510,0.2223,0.4157,0.0644,0.1357,0.81,1.01,0.24,0.027,4.1,0.23,0.12,0.27,0.37,0.16,0.75,0.52,6,recent_family_holdout,promising if novelty survives family holdout
C0066,quality_revision,fundamental,0.4077,block,weak_sharpe,0.8436,0.4352,0.4878,0.3097,0.1775,0.83,0.84,0.58,0.034,4.2,0.37,0.55,0.35,0.19,0.23,0.99,0.48,5,recent_family_holdout,promising if novelty survives family holdout
C0234,options_pressure,derivatives,0.4044,block,coverage_gap,1.0103,0.3972,0.7284,0.3931,0.1265,1.05,1.13,0.42,0.038,5.1,0.56,0.70,0.47,0.31,0.34,0.70,0.33,4,recent_family_holdout,promising if novelty survives family holdout
C0144,volume_reversal,price_volume,0.3871,block,weak_sharpe;thin_margin;coverage_gap,0.7293,0.2668,0.5369,0.3293,0.1323,0.74,0.69,0.26,0.049,4.0,0.27,0.59,0.39,0.47,0.14,0.73,0.57,8,recent_family_holdout,promising if novelty survives family holdout
C0113,analyst_revision,estimates,0.3761,block,weak_sharpe;complexity_without_edge,0.8009,0.3852,0.4891,0.3041,0.1454,0.79,0.74,0.44,0.027,4.8,0.39,0.54,0.32,0.18,0.25,0.81,0.89,9,recent_family_holdout,promising if novelty survives family holdout
C0213,asset_light_reinvestment,fundamental,0.3565,block,weak_sharpe,0.8291,0.2703,0.5577,0.2016,0.1537,0.77,0.94,0.28,0.035,4.2,0.33,0.36,0.43,0.36,0.20,0.85,0.31,3,recent_family_holdout,promising if novelty survives family holdout
C0206,asset_light_reinvestment,fundamental,0.3548,block,thin_margin;oos_decay_risk,0.9318,0.4702,0.3228,0.2789,-0.0628,1.13,0.96,0.47,0.027,3.6,0.17,0.50,0.28,0.20,0.49,0.76,0.77,8,recent_family_holdout,needs refinement before promotion
C0094,liquidity_need,price_volume,0.3372,block,oos_decay_risk,0.8951,0.3874,0.5557,0.4402,-0.0549,0.96,0.89,0.24,0.069,4.5,0.34,0.79,0.39,0.39,0.44,0.81,0.53,7,recent_family_holdout,needs refinement before promotion
C0072,liquidity_need,price_volume,0.3175,block,weak_sharpe;thin_margin,0.7566,0.3554,0.4676,0.2173,0.1665,0.71,0.75,0.44,0.026,4.0,0.35,0.39,0.28,0.26,0.23,0.93,0.62,6,recent_family_holdout,promising if novelty survives family holdout
C0102,event_pressure,news_event,0.3134,block,weak_sharpe;thin_margin,0.7477,0.3004,0.4758,0.1697,0.1723,0.63,0.87,0.26,0.037,3.6,0.38,0.30,0.31,0.18,0.31,0.96,0.52,8,recent_family_holdout,promising if novelty survives family holdout
C0096,quality_revision,fundamental,0.2933,block,oos_decay_risk,0.8595,0.5806,0.2757,0.3270,-0.0369,0.89,0.84,0.53,0.053,4.4,0.21,0.58,0.17,0.14,0.61,0.91,0.67,8,recent_family_holdout,needs refinement before promotion
C0084,options_pressure,derivatives,0.2827,block,weak_sharpe,0.7677,0.4159,0.3997,0.1831,0.1476,0.77,0.70,0.50,0.038,4.4,0.15,0.33,0.46,0.21,0.22,0.82,0.76,8,recent_family_holdout,promising if novelty survives family holdout
C0209,volume_reversal,price_volume,0.2745,block,oos_decay_risk;complexity_without_edge,0.9597,0.5113,0.5340,0.3959,-0.0358,1.07,0.92,0.36,0.047,4.6,0.38,0.71,0.39,0.23,0.64,0.91,0.91,10,recent_family_holdout,needs refinement before promotion
C0040,options_pressure,derivatives,0.2661,block,oos_decay_risk;coverage_gap,1.1128,0.4558,0.5998,0.2862,-0.0772,1.33,1.09,0.27,0.049,5.5,0.40,0.51,0.36,0.44,0.67,0.68,0.64,7,recent_family_holdout,needs refinement before promotion
C0081,quality_revision,fundamental,0.2599,block,weak_sharpe,0.7719,0.3682,0.6637,0.3746,0.1453,0.80,0.72,0.37,0.057,4.1,0.38,0.67,0.50,0.45,0.20,0.81,0.74,9,recent_family_holdout,promising if novelty survives family holdout
C0038,analyst_revision,estimates,0.2507,block,weak_sharpe;weak_fitness;thin_margin,0.6518,0.3113,0.7051,0.4502,0.1651,0.58,0.61,0.34,0.059,3.6,0.46,0.80,0.47,0.46,0.10,0.92,0.62,6,recent_family_holdout,promising if novelty survives family holdout
C0196,volume_reversal,price_volume,0.2507,block,thin_margin;turnover_risk,0.8908,0.4924,0.6599,0.3360,0.1762,1.00,0.89,0.62,0.052,3.6,0.36,0.60,0.47,0.53,0.24,0.98,0.29,5,recent_family_holdout,promising if novelty survives family holdout
C0029,event_pressure,news_event,0.2402,block,thin_margin;oos_decay_risk,0.8502,0.3693,0.5435,0.3394,-0.0366,0.86,0.91,0.13,0.072,4.0,0.43,0.61,0.33,0.25,0.55,0.91,0.23,6,recent_family_holdout,needs refinement before promotion
C0108,liquidity_need,price_volume,0.2373,block,weak_sharpe;thin_margin,0.7341,0.3792,0.5631,0.2974,0.1481,0.68,0.76,0.49,0.033,3.9,0.24,0.53,0.41,0.58,0.13,0.82,0.85,9,recent_family_holdout,promising if novelty survives family holdout
C0106,asset_light_reinvestment,fundamental,0.2367,block,oos_decay_risk,0.9234,0.3425,0.6475,0.3494,-0.0461,0.86,1.00,0.16,0.052,5.1,0.36,0.62,0.45,0.54,0.51,0.85,0.56,3,recent_family_holdout,needs refinement before promotion
C0110,options_pressure,derivatives,0.2275,block,weak_sharpe;thin_margin,0.6568,0.2425,0.4873,0.1434,0.1571,0.45,0.76,0.18,0.032,4.0,0.47,0.26,0.18,0.19,0.28,0.87,0.12,4,recent_family_holdout,promising if novelty survives family holdout
C0154,earnings_response,news_event,0.1987,block,weak_sharpe;thin_margin,0.7044,0.2487,0.6495,0.2526,0.1400,0.62,0.80,0.18,0.030,3.6,0.51,0.45,0.33,0.40,0.28,0.78,0.70,9,recent_family_holdout,promising if novelty survives family holdout
C0092,quality_revision,fundamental,0.1702,block,weak_sharpe,0.8862,0.1740,0.8150,0.3074,-0.0344,0.81,1.01,0.13,0.028,4.5,0.52,0.55,0.57,0.53,0.18,0.92,0.29,4,recent_family_holdout,needs refinement before promotion
C0190,quality_revision,fundamental,0.1697,block,coverage_gap,0.9382,0.3089,0.7472,0.3590,-0.0715,1.01,0.96,0.27,0.047,4.9,0.60,0.64,0.33,0.49,0.27,0.71,0.49,6,recent_family_holdout,needs refinement before promotion
C0151,quality_revision,fundamental,0.1632,block,weak_sharpe;weak_fitness,0.7552,0.4641,0.6122,0.3349,0.1494,0.75,0.67,0.53,0.045,4.4,0.49,0.60,0.32,0.34,0.33,0.83,0.41,5,recent_family_holdout,promising if novelty survives family holdout
C0090,crowded_momentum,price_volume,0.1577,block,weak_sharpe;thin_margin,0.7542,0.3443,0.6305,0.2391,0.1391,0.73,0.79,0.38,0.034,4.0,0.42,0.43,0.42,0.39,0.28,0.77,0.28,4,recent_family_holdout,promising if novelty survives family holdout
C0199,accrual_quality,fundamental,0.1497,block,weak_sharpe;thin_margin,0.7770,0.4358,0.4651,0.1053,0.1683,0.71,0.83,0.54,0.067,3.9,0.44,0.19,0.19,0.19,0.13,0.94,0.42,3,recent_family_holdout,promising if novelty survives family holdout
C0056,options_pressure,derivatives,0.1475,block,coverage_gap,0.8767,0.3294,0.7942,0.2626,0.1318,0.89,0.96,0.33,0.034,4.4,0.58,0.47,0.47,0.48,0.31,0.73,0.55,7,recent_family_holdout,promising if novelty survives family holdout
C0147,crowded_momentum,price_volume,0.1375,block,thin_margin;oos_decay_risk,0.8165,0.5627,0.4914,0.4217,-0.0466,0.86,0.88,0.52,0.056,3.5,0.32,0.75,0.35,0.30,0.59,0.85,0.17,2,recent_family_holdout,needs refinement before promotion
C0129,volume_reversal,price_volume,0.1314,block,weak_sharpe;weak_fitness;thin_margin,0.6442,0.5404,0.3855,0.4362,-0.0232,0.56,0.59,0.56,0.062,3.5,0.25,0.78,0.31,0.18,0.39,0.98,0.74,8,recent_family_holdout,needs refinement before promotion
C0009,analyst_revision,estimates,0.1216,block,weak_sharpe;thin_margin;oos_decay_risk,0.7472,0.4621,0.4168,0.2789,-0.0256,0.72,0.72,0.43,0.051,3.7,0.29,0.50,0.19,0.37,0.44,0.97,0.58,8,recent_family_holdout,needs refinement before promotion
C0126,quality_revision,fundamental,0.1131,block,weak_sharpe;thin_margin,0.7986,0.2548,0.6962,0.0980,0.1674,0.73,0.91,0.26,0.032,3.8,0.45,0.17,0.54,0.35,0.15,0.93,0.77,10,recent_family_holdout,promising if novelty survives family holdout
C0230,quality_revision,fundamental,0.1061,block,weak_sharpe,0.7911,0.3230,0.6810,0.1641,0.1550,0.81,0.74,0.36,0.055,4.2,0.44,0.29,0.50,0.38,0.13,0.86,0.47,6,recent_family_holdout,promising if novelty survives family holdout
C0149,asset_light_reinvestment,fundamental,0.0862,block,weak_sharpe;oos_decay_risk;coverage_gap,0.7637,0.4607,0.4540,0.3046,-0.0675,0.74,0.78,0.35,0.061,4.2,0.33,0.54,0.34,0.17,0.52,0.74,0.20,3,recent_family_holdout,needs refinement before promotion
C0007,volume_reversal,price_volume,0.0828,block,turnover_risk,0.9870,0.4947,0.6875,0.1277,0.1503,1.16,0.94,0.64,0.053,4.6,0.40,0.23,0.42,0.62,0.20,0.83,0.62,5,recent_family_holdout,promising if novelty survives family holdout
C0156,asset_light_reinvestment,fundamental,0.0797,block,weak_sharpe;oos_decay_risk;coverage_gap,0.8035,0.4721,0.5766,0.3937,-0.0688,0.79,0.89,0.33,0.070,4.1,0.50,0.70,0.28,0.27,0.47,0.73,0.86,10,recent_family_holdout,needs refinement before promotion
C0181,options_pressure,derivatives,0.0752,block,weak_sharpe;oos_decay_risk;coverage_gap,0.7741,0.5005,0.3978,0.2755,-0.0762,0.80,0.75,0.48,0.042,4.3,0.23,0.49,0.24,0.35,0.53,0.69,0.42,7,recent_family_holdout,needs refinement before promotion
C0140,options_pressure,derivatives,0.0641,block,live_status_blocked;too_close_to_active_book;coverage_gap,0.9771,0.2587,0.6589,0.4418,-0.4373,1.14,1.08,0.14,0.038,4.2,0.35,0.79,0.63,0.33,0.32,0.63,0.73,9,recent_family_holdout,blocked until risk or crowding improves
C0049,liquidity_need,price_volume,0.0623,block,oos_decay_risk,0.8375,0.4793,0.3701,0.1406,-0.0663,0.87,0.84,0.41,0.074,4.5,0.24,0.25,0.26,0.22,0.42,0.74,0.37,7,recent_family_holdout,needs refinement before promotion
C0127,quality_revision,fundamental,0.0562,block,weak_sharpe,0.7655,0.3678,0.6230,0.1131,0.1685,0.75,0.69,0.51,0.042,4.2,0.34,0.20,0.52,0.40,0.09,0.94,0.50,4,recent_family_holdout,promising if novelty survives family holdout
C0198,liquidity_need,price_volume,0.0196,block,weak_sharpe;thin_margin;turnover_risk;oos_decay_risk,0.7956,0.5592,0.4190,0.2346,-0.0324,0.77,0.88,0.63,0.052,3.6,0.30,0.42,0.32,0.17,0.42,0.93,0.43,6,recent_family_holdout,needs refinement before promotion
C0025,analyst_revision,estimates,0.0048,block,weak_sharpe,0.8387,0.3183,0.7513,0.0879,0.1478,0.84,0.80,0.31,0.074,4.7,0.57,0.16,0.47,0.38,0.10,0.82,0.35,5,recent_family_holdout,promising if novelty survives family holdout
C0170,analyst_revision,estimates,-0.0015,block,live_status_blocked;weak_sharpe;thin_margin;oos_decay_risk,0.7427,0.3779,0.3140,0.3270,-0.3794,0.77,0.81,0.30,0.041,2.8,0.15,0.58,0.30,0.18,0.43,0.95,0.68,7,recent_family_holdout,blocked until risk or crowding improves
C0073,options_pressure,derivatives,-0.0053,block,live_status_blocked;coverage_gap,1.0725,0.4080,0.5769,0.3405,-0.4334,1.26,1.01,0.43,0.045,5.8,0.28,0.61,0.51,0.41,0.30,0.65,0.59,7,recent_family_holdout,blocked until risk or crowding improves
C0115,capital_efficiency,fundamental,-0.0064,block,crowded_family;oos_decay_risk,1.2217,0.5422,0.8931,0.2464,-0.0391,1.43,1.14,0.55,0.067,6.3,0.48,0.44,0.61,0.77,0.44,0.89,0.32,5,recent_family_holdout,needs refinement before promotion
C0082,volume_reversal,price_volume,-0.0102,block,weak_sharpe;weak_fitness;turnover_risk,0.6976,0.4987,0.7001,0.3450,0.1460,0.67,0.64,0.66,0.068,4.0,0.46,0.62,0.38,0.59,0.07,0.81,0.76,8,recent_family_holdout,promising if novelty survives family holdout
C0141,options_pressure,derivatives,-0.0418,block,live_status_blocked;coverage_gap,0.9865,0.3654,0.4761,0.2430,-0.4298,1.09,1.02,0.36,0.063,5.1,0.24,0.43,0.35,0.41,0.22,0.67,0.40,4,recent_family_holdout,blocked until risk or crowding improves
C0064,event_pressure,news_event,-0.0438,block,thin_margin,0.8914,0.2989,0.8549,0.0594,0.1593,0.94,0.97,0.15,0.070,3.9,0.54,0.11,0.53,0.66,0.31,0.89,0.45,5,recent_family_holdout,promising if novelty survives family holdout
C0043,quality_revision,fundamental,-0.0564,block,weak_sharpe;thin_margin;crowded_family,0.8408,0.3963,0.8092,0.1338,0.1744,0.79,0.95,0.57,0.047,3.9,0.53,0.24,0.38,0.76,0.06,0.97,0.12,4,recent_family_holdout,promising if novelty survives family holdout
C0131,earnings_response,news_event,-0.0620,block,weak_sharpe;coverage_gap,0.7991,0.2640,0.7924,0.0633,0.1319,0.76,0.78,0.30,0.026,4.9,0.47,0.11,0.47,0.69,0.20,0.73,0.45,5,recent_family_holdout,promising if novelty survives family holdout
C0122,accrual_quality,fundamental,-0.0737,block,crowded_family;coverage_gap,0.8216,0.2566,0.8609,0.0952,0.1271,0.85,0.88,0.21,0.067,4.0,0.47,0.17,0.52,0.83,0.11,0.71,0.33,5,recent_family_holdout,promising if novelty survives family holdout
C0074,accrual_quality,fundamental,-0.0754,block,oos_decay_risk,0.9587,0.4558,0.6799,0.1579,-0.0564,1.00,0.95,0.40,0.058,5.3,0.47,0.28,0.43,0.42,0.46,0.80,0.42,4,recent_family_holdout,needs refinement before promotion
C0037,accrual_quality,fundamental,-0.0764,block,oos_decay_risk;coverage_gap,0.8444,0.5057,0.5346,0.1915,-0.0720,0.93,0.84,0.42,0.066,4.2,0.27,0.34,0.34,0.54,0.53,0.71,0.57,6,recent_family_holdout,needs refinement before promotion
C0003,crowded_momentum,price_volume,-0.0916,block,self_correlation_watch;crowded_family,0.8607,0.2473,0.9677,0.3125,-0.0499,0.94,0.84,0.29,0.046,4.1,0.63,0.56,0.55,0.77,0.06,0.83,0.48,7,recent_family_holdout,needs refinement before promotion
C0178,crowded_momentum,price_volume,-0.0936,block,thin_margin;oos_decay_risk,0.9059,0.5077,0.7081,0.2419,-0.0256,1.02,0.88,0.47,0.073,3.9,0.48,0.43,0.37,0.57,0.42,0.97,0.57,6,recent_family_holdout,needs refinement before promotion
C0186,accrual_quality,fundamental,-0.1045,block,live_status_blocked;thin_margin,0.8306,0.4793,0.3271,0.2828,-0.4116,0.93,0.89,0.48,0.056,3.5,0.20,0.51,0.21,0.25,0.39,0.77,0.63,8,recent_family_holdout,blocked until risk or crowding improves
C0124,analyst_revision,estimates,-0.1141,block,crowded_family,0.9263,0.3818,0.8879,0.0756,0.1537,0.96,0.81,0.48,0.030,5.6,0.53,0.14,0.53,0.77,0.21,0.85,0.70,9,recent_family_holdout,promising if novelty survives family holdout
C0065,crowded_momentum,price_volume,-0.1192,block,oos_decay_risk;coverage_gap,1.0418,0.5062,0.7240,0.1411,-0.0718,1.17,1.15,0.35,0.057,4.8,0.38,0.25,0.52,0.60,0.63,0.71,0.73,9,recent_family_holdout,needs refinement before promotion
C0165,capital_efficiency,fundamental,-0.1354,block,crowded_family,1.1262,0.3857,0.9440,0.0997,-0.0315,1.22,1.04,0.40,0.035,6.3,0.60,0.18,0.53,0.78,0.28,0.94,0.82,9,recent_family_holdout,needs refinement before promotion
C0183,event_pressure,news_event,-0.1355,block,weak_sharpe;self_correlation_watch,0.7908,0.2775,0.9350,0.3186,-0.0324,0.69,0.84,0.25,0.032,4.4,0.63,0.57,0.61,0.60,0.28,0.93,0.30,4,recent_family_holdout,needs refinement before promotion
C0033,event_pressure,news_event,-0.1576,block,weak_sharpe;thin_margin,0.8230,0.4191,0.6725,0.1355,-0.0245,0.81,0.91,0.45,0.033,3.6,0.32,0.24,0.58,0.50,0.36,0.97,0.63,6,recent_family_holdout,needs refinement before promotion
C0035,accrual_quality,fundamental,-0.1839,block,oos_decay_risk,0.9077,0.5808,0.5570,0.0790,-0.0328,0.95,0.97,0.54,0.049,4.1,0.32,0.14,0.45,0.35,0.64,0.93,0.18,3,recent_family_holdout,needs refinement before promotion
C0128,analyst_revision,estimates,-0.1883,block,weak_sharpe;thin_margin,0.7757,0.4176,0.7732,0.0885,0.1382,0.81,0.80,0.43,0.073,3.7,0.46,0.16,0.50,0.63,0.21,0.77,0.59,6,recent_family_holdout,promising if novelty survives family holdout
C0157,options_pressure,derivatives,-0.2025,block,weak_sharpe;crowded_family;coverage_gap,0.7983,0.4285,0.8925,0.1887,0.1314,0.83,0.78,0.51,0.057,4.3,0.51,0.34,0.55,0.81,0.20,0.73,0.28,5,recent_family_holdout,promising if novelty survives family holdout
C0166,asset_light_reinvestment,fundamental,-0.2062,block,crowded_family,0.9421,0.3982,0.9460,0.0336,0.1624,1.01,0.89,0.56,0.045,4.9,0.58,0.06,0.54,0.81,0.09,0.90,0.57,7,recent_family_holdout,promising if novelty survives family holdout
C0139,liquidity_need,price_volume,-0.2405,block,turnover_risk;too_close_to_active_book;crowded_family,1.0060,0.5701,0.9461,0.3321,-0.0625,1.14,0.99,0.64,0.062,5.1,0.52,0.59,0.64,0.80,0.40,0.76,0.44,5,recent_family_holdout,needs refinement before promotion
C0077,accrual_quality,fundamental,-0.2434,block,weak_sharpe;thin_margin,0.6222,0.3597,0.7768,0.3270,-0.0560,0.46,0.72,0.42,0.051,3.5,0.52,0.58,0.55,0.44,0.16,0.80,0.54,5,recent_family_holdout,needs refinement before promotion
C0217,earnings_response,news_event,-0.2491,block,live_status_blocked;weak_sharpe;thin_margin;oos_decay_risk,0.7099,0.3960,0.5514,0.3791,-0.3907,0.68,0.76,0.22,0.059,3.3,0.40,0.68,0.24,0.45,0.55,0.89,0.52,5,recent_family_holdout,blocked until risk or crowding improves
C0155,short_interest_stress,short_interest,-0.3131,block,live_status_blocked;weak_sharpe;thin_margin;oos_decay_risk,0.6975,0.3827,0.4939,0.2391,-0.3731,0.65,0.82,0.16,0.051,2.6,0.35,0.43,0.36,0.23,0.59,0.98,0.71,6,recent_family_holdout,blocked until risk or crowding improves
C0103,asset_light_reinvestment,fundamental,-0.3147,block,live_status_blocked;weak_sharpe;thin_margin;oos_decay_risk,0.7188,0.3764,0.5569,0.2979,-0.3981,0.67,0.86,0.21,0.048,3.0,0.39,0.53,0.30,0.41,0.55,0.84,0.37,4,recent_family_holdout,blocked until risk or crowding improves
C0001,earnings_response,news_event,-0.3326,block,live_status_blocked;weak_sharpe;thin_margin;oos_decay_risk,0.7150,0.4488,0.3681,0.1697,-0.4004,0.72,0.82,0.39,0.031,2.8,0.26,0.30,0.22,0.23,0.57,0.83,0.50,6,recent_family_holdout,blocked until risk or crowding improves
C0226,quality_revision,fundamental,-0.3346,block,live_status_blocked;weak_sharpe;weak_fitness;thin_margin,0.7041,0.4297,0.4742,0.2626,-0.3975,0.78,0.62,0.55,0.050,3.3,0.32,0.47,0.36,0.24,0.18,0.85,0.20,4,recent_family_holdout,blocked until risk or crowding improves
C0036,crowded_momentum,price_volume,-0.3353,block,weak_sharpe;self_correlation_watch,0.8035,0.3731,0.8763,0.1411,-0.0306,0.78,0.71,0.46,0.045,4.7,0.64,0.25,0.57,0.46,0.11,0.94,0.84,11,recent_family_holdout,needs refinement before promotion
C0027,event_pressure,news_event,-0.3382,block,weak_sharpe;crowded_family,0.8139,0.1594,0.9853,0.0336,-0.0411,0.79,0.84,0.19,0.029,4.2,0.56,0.06,0.60,0.90,0.04,0.88,0.41,5,recent_family_holdout,needs refinement before promotion
C0046,quality_revision,fundamental,-0.3426,block,weak_sharpe;thin_margin;self_correlation_watch,0.7457,0.1781,0.9204,0.0728,-0.0625,0.65,0.86,0.20,0.026,4.0,0.68,0.13,0.45,0.69,0.09,0.76,0.38,5,recent_family_holdout,needs refinement before promotion
C0051,quality_revision,fundamental,-0.3488,block,too_close_to_active_book;crowded_family,0.8866,0.4426,0.9725,0.2285,-0.0488,0.98,0.90,0.57,0.032,4.1,0.55,0.41,0.62,0.85,0.28,0.84,0.51,7,recent_family_holdout,needs refinement before promotion
C0010,liquidity_need,price_volume,-0.3501,block,live_status_blocked;weak_sharpe;weak_fitness;thin_margin,0.6650,0.3327,0.6706,0.3724,-0.3842,0.63,0.66,0.49,0.035,3.2,0.37,0.67,0.46,0.56,0.06,0.92,0.57,8,recent_family_holdout,blocked until risk or crowding improves
C0203,liquidity_need,price_volume,-0.3527,block,live_status_blocked;weak_sharpe;weak_fitness;thin_margin;turnover_risk,0.4898,0.4954,0.2596,0.3158,-0.4033,0.47,0.43,0.60,0.058,2.3,0.14,0.56,0.23,0.16,0.26,0.81,0.56,7,recent_family_holdout,blocked until risk or crowding improves
C0163,analyst_revision,estimates,-0.3602,block,live_status_blocked;weak_sharpe;thin_margin,0.7083,0.3040,0.5306,0.1607,-0.3947,0.69,0.73,0.31,0.038,3.4,0.29,0.29,0.34,0.49,0.17,0.86,0.83,8,recent_family_holdout,blocked until risk or crowding improves
C0095,options_pressure,derivatives,-0.3666,block,live_status_blocked;weak_sharpe;thin_margin,0.7642,0.2873,0.6754,0.2218,-0.3898,0.75,0.85,0.29,0.055,3.3,0.28,0.40,0.61,0.56,0.13,0.89,0.56,7,recent_family_holdout,blocked until risk or crowding improves
C0173,capital_efficiency,fundamental,-0.3693,block,live_status_blocked;weak_sharpe;thin_margin,0.7373,0.2088,0.6919,0.1921,-0.3979,0.65,0.88,0.18,0.031,3.5,0.50,0.34,0.36,0.49,0.20,0.84,0.27,3,recent_family_holdout,blocked until risk or crowding improves
C0168,volume_reversal,price_volume,-0.3815,block,live_status_blocked;weak_sharpe;weak_fitness;thin_margin,0.5306,0.4733,0.2281,0.1999,-0.4107,0.38,0.66,0.45,0.075,2.6,0.20,0.36,0.12,0.08,0.34,0.77,0.59,7,recent_family_holdout,blocked until risk or crowding improves
C0045,accrual_quality,fundamental,-0.3918,block,live_status_blocked;weak_sharpe;thin_margin,0.6322,0.3731,0.3957,0.1221,-0.3774,0.49,0.70,0.56,0.029,3.2,0.26,0.22,0.35,0.14,0.10,0.96,0.30,4,recent_family_holdout,blocked until risk or crowding improves
C0117,options_pressure,derivatives,-0.4101,block,live_status_blocked;coverage_gap,1.0365,0.4036,0.8463,0.2386,-0.4353,1.22,0.91,0.43,0.034,5.9,0.58,0.43,0.53,0.54,0.29,0.64,0.84,7,recent_family_holdout,blocked until risk or crowding improves
C0237,volume_reversal,price_volume,-0.4263,block,live_status_blocked;weak_sharpe;thin_margin;oos_decay_risk,0.7466,0.4053,0.5793,0.1999,-0.3882,0.73,0.82,0.40,0.025,3.2,0.39,0.36,0.34,0.43,0.45,0.90,0.12,2,recent_family_holdout,blocked until risk or crowding improves
C0014,volume_reversal,price_volume,-0.4283,block,weak_sharpe;weak_fitness;thin_margin;turnover_risk;oos_decay_risk,0.7376,0.6679,0.6734,0.2190,-0.0436,0.76,0.67,0.58,0.069,3.8,0.41,0.39,0.35,0.65,0.69,0.87,0.77,7,recent_family_holdout,needs refinement before promotion
C0019,crowded_momentum,price_volume,-0.4289,block,thin_margin;crowded_family,0.9691,0.3822,1.0031,0.0336,-0.0463,1.08,1.06,0.39,0.060,4.0,0.57,0.06,0.62,0.90,0.19,0.85,0.75,9,recent_family_holdout,needs refinement before promotion
C0044,analyst_revision,estimates,-0.4525,block,live_status_blocked;weak_sharpe;weak_fitness;thin_margin,0.5509,0.3296,0.5584,0.2828,-0.3983,0.43,0.62,0.23,0.052,2.7,0.40,0.51,0.31,0.39,0.31,0.84,0.79,10,recent_family_holdout,blocked until risk or crowding improves
C0116,analyst_revision,estimates,-0.4600,block,weak_sharpe;too_close_to_active_book;coverage_gap,0.7867,0.2345,0.9752,0.0336,-0.0706,0.81,0.76,0.29,0.029,4.3,0.58,0.06,0.71,0.67,0.11,0.72,0.41,7,recent_family_holdout,needs refinement before promotion
C0219,short_interest_stress,short_interest,-0.4706,block,live_status_blocked;weak_sharpe;weak_fitness;thin_margin,0.4614,0.4292,0.2416,0.1523,-0.4136,0.37,0.56,0.50,0.054,1.8,0.18,0.27,0.19,0.08,0.23,0.76,0.12,3,recent_family_holdout,blocked until risk or crowding improves
C0216,liquidity_need,price_volume,-0.4769,block,live_status_blocked;weak_sharpe;thin_margin;turnover_risk,0.6418,0.5334,0.4982,0.3282,-0.4154,0.56,0.69,0.66,0.048,3.5,0.33,0.59,0.34,0.29,0.33,0.75,0.51,7,recent_family_holdout,blocked until risk or crowding improves
C0005,asset_light_reinvestment,fundamental,-0.5019,block,live_status_blocked;weak_sharpe;weak_fitness;thin_margin,0.5685,0.4332,0.5488,0.3265,-0.4148,0.53,0.63,0.53,0.057,2.5,0.41,0.58,0.24,0.44,0.18,0.75,0.55,5,recent_family_holdout,blocked until risk or crowding improves
C0111,event_pressure,news_event,-0.5377,block,live_status_blocked;self_correlation_block;coverage_gap,1.0623,0.2901,1.0612,0.1730,-0.4217,1.14,1.15,0.32,0.051,5.5,0.80,0.31,0.59,0.66,0.12,0.71,0.28,3,recent_family_holdout,blocked until risk or crowding improves
C0136,options_pressure,derivatives,-0.5467,block,live_status_blocked;weak_sharpe;thin_margin;coverage_gap,0.7068,0.4647,0.6476,0.2845,-0.4258,0.75,0.70,0.47,0.046,3.5,0.39,0.51,0.49,0.41,0.42,0.69,0.31,4,recent_family_holdout,blocked until risk or crowding improves
C0030,crowded_momentum,price_volume,-0.5471,block,weak_sharpe;self_correlation_watch;too_close_to_active_book;crowded_family,0.7937,0.3755,1.0725,0.1702,-0.0630,0.81,0.80,0.36,0.030,4.2,0.64,0.30,0.68,0.88,0.35,0.76,0.80,8,recent_family_holdout,needs refinement before promotion
C0229,volume_reversal,price_volume,-0.5488,block,live_status_blocked;weak_sharpe;thin_margin;oos_decay_risk,0.6555,0.5533,0.3673,0.1282,-0.4119,0.64,0.71,0.50,0.074,3.0,0.25,0.23,0.20,0.28,0.43,0.77,0.86,8,recent_family_holdout,blocked until risk or crowding improves
C0047,accrual_quality,fundamental,-0.5573,block,live_status_blocked;weak_sharpe;thin_margin;oos_decay_risk,0.6291,0.5128,0.6245,0.3410,-0.3902,0.58,0.69,0.34,0.073,2.7,0.41,0.61,0.44,0.37,0.63,0.89,0.54,8,recent_family_holdout,blocked until risk or crowding improves
C0098,volume_reversal,price_volume,-0.5742,block,live_status_blocked;weak_sharpe;weak_fitness;thin_margin;turnover_risk,0.5380,0.4844,0.5681,0.3511,-0.4109,0.48,0.55,0.67,0.033,2.7,0.46,0.63,0.32,0.29,0.24,0.77,0.60,6,recent_family_holdout,blocked until risk or crowding improves
C0233,earnings_response,news_event,-0.5878,block,live_status_blocked;weak_sharpe;thin_margin;oos_decay_risk,0.6897,0.5389,0.6390,0.2778,-0.3774,0.73,0.80,0.57,0.046,2.0,0.36,0.50,0.41,0.57,0.49,0.96,0.55,6,recent_family_holdout,blocked until risk or crowding improves
C0079,earnings_response,news_event,-0.5948,block,live_status_blocked;weak_sharpe;thin_margin,0.6612,0.4189,0.6416,0.2206,-0.4161,0.57,0.76,0.48,0.051,3.4,0.47,0.39,0.27,0.54,0.26,0.74,0.50,6,recent_family_holdout,blocked until risk or crowding improves
C0028,event_pressure,news_event,-0.5994,block,live_status_blocked;weak_sharpe;weak_fitness;thin_margin,0.5313,0.3954,0.5218,0.1674,-0.3810,0.45,0.58,0.48,0.035,2.1,0.41,0.30,0.35,0.20,0.26,0.94,0.26,5,recent_family_holdout,blocked until risk or crowding improves
C0161,event_pressure,news_event,-0.6058,block,live_status_blocked;weak_sharpe;thin_margin,0.6095,0.4744,0.4996,0.1372,-0.3785,0.51,0.71,0.46,0.074,2.5,0.39,0.24,0.28,0.27,0.33,0.95,0.16,3,recent_family_holdout,blocked until risk or crowding improves
C0121,crowded_momentum,price_volume,-0.6318,block,live_status_blocked;weak_sharpe;weak_fitness;thin_margin;turnover_risk;oos_decay_risk;complexity_without_edge,0.5574,0.5611,0.5269,0.2733,-0.3745,0.45,0.66,0.60,0.040,2.0,0.45,0.49,0.22,0.31,0.45,0.97,0.95,12,recent_family_holdout,blocked until risk or crowding improves
C0105,short_interest_stress,short_interest,-0.6472,block,live_status_blocked;weak_sharpe;weak_fitness;thin_margin,0.5844,0.3501,0.7666,0.2862,-0.4010,0.55,0.58,0.29,0.035,2.8,0.52,0.51,0.46,0.53,0.39,0.83,0.65,8,recent_family_holdout,blocked until risk or crowding improves
C0214,liquidity_need,price_volume,-0.6495,block,live_status_blocked;weak_sharpe;weak_fitness;thin_margin;turnover_risk;complexity_without_edge,0.5794,0.4981,0.5088,0.1781,-0.4001,0.60,0.50,0.59,0.056,2.8,0.36,0.32,0.24,0.41,0.20,0.83,0.94,8,recent_family_holdout,blocked until risk or crowding improves
C0052,options_pressure,derivatives,-0.6695,block,live_status_blocked;weak_sharpe;thin_margin;too_close_to_active_book;coverage_gap,0.7146,0.4286,0.8017,0.2744,-0.4281,0.69,0.73,0.47,0.075,4.0,0.47,0.49,0.67,0.45,0.18,0.68,0.53,8,recent_family_holdout,blocked until risk or crowding improves
C0069,crowded_momentum,price_volume,-0.6741,block,live_status_blocked;weak_sharpe;weak_fitness;thin_margin;crowded_family,0.5650,0.3034,0.8266,0.3035,-0.4127,0.46,0.54,0.29,0.044,3.5,0.44,0.54,0.57,0.73,0.17,0.76,0.84,7,recent_family_holdout,blocked until risk or crowding improves
C0087,crowded_momentum,price_volume,-0.6855,block,live_status_blocked;weak_sharpe;weak_fitness;thin_margin;turnover_risk;coverage_gap,0.5100,0.5289,0.4221,0.1770,-0.4215,0.46,0.66,0.68,0.030,1.7,0.39,0.32,0.05,0.37,0.33,0.71,0.76,7,recent_family_holdout,blocked until risk or crowding improves
C0175,crowded_momentum,price_volume,-0.6890,block,self_correlation_watch;too_close_to_active_book;crowded_family;oos_decay_risk,0.8754,0.4540,1.1256,0.0616,-0.0465,0.85,0.94,0.40,0.058,4.5,0.67,0.11,0.70,0.94,0.44,0.85,0.31,3,recent_family_holdout,needs refinement before promotion
C0191,options_pressure,derivatives,-0.7175,block,live_status_blocked;weak_sharpe;thin_margin;oos_decay_risk,0.6381,0.4266,0.7513,0.2162,-0.3938,0.62,0.76,0.41,0.042,2.2,0.35,0.39,0.60,0.63,0.42,0.87,0.48,7,recent_family_holdout,blocked until risk or crowding improves
C0059,liquidity_need,price_volume,-0.7274,block,live_status_blocked;weak_sharpe;weak_fitness;thin_margin,0.6752,0.4987,0.7178,0.2106,-0.3966,0.73,0.67,0.55,0.075,2.7,0.41,0.38,0.46,0.62,0.21,0.85,0.78,8,recent_family_holdout,blocked until risk or crowding improves
C0119,asset_light_reinvestment,fundamental,-0.7274,block,live_status_blocked;weak_sharpe;weak_fitness;thin_margin,0.5575,0.2765,0.7447,0.1198,-0.3835,0.42,0.58,0.30,0.034,3.0,0.52,0.21,0.48,0.45,0.19,0.93,0.33,2,recent_family_holdout,blocked until risk or crowding improves
C0143,asset_light_reinvestment,fundamental,-0.7289,block,live_status_blocked;weak_sharpe;thin_margin;too_close_to_active_book;crowded_family,0.7999,0.4738,0.9792,0.3186,-0.3945,0.79,0.93,0.57,0.029,3.4,0.50,0.57,0.73,0.83,0.38,0.86,0.57,7,recent_family_holdout,blocked until risk or crowding improves
C0034,accrual_quality,fundamental,-0.7302,block,live_status_blocked;weak_sharpe;thin_margin;coverage_gap,0.6777,0.2831,0.8767,0.1736,-0.4217,0.65,0.85,0.36,0.037,2.6,0.56,0.31,0.51,0.70,0.08,0.71,0.65,9,recent_family_holdout,blocked until risk or crowding improves
C0137,volume_reversal,price_volume,-0.7309,block,live_status_blocked;weak_sharpe;weak_fitness;thin_margin,0.6371,0.3854,0.6574,0.0700,-0.3952,0.57,0.68,0.39,0.031,3.1,0.37,0.12,0.39,0.62,0.34,0.86,0.75,9,recent_family_holdout,blocked until risk or crowding improves
C0145,capital_efficiency,fundamental,-0.7318,block,live_status_blocked;weak_sharpe;thin_margin;oos_decay_risk,0.6356,0.5473,0.6581,0.2503,-0.4123,0.62,0.74,0.53,0.059,2.6,0.44,0.45,0.44,0.42,0.49,0.77,0.64,8,recent_family_holdout,blocked until risk or crowding improves
C0075,options_pressure,derivatives,-0.7324,block,live_status_blocked;weak_sharpe;thin_margin;coverage_gap,0.7519,0.4443,0.8423,0.2262,-0.4240,0.83,0.78,0.50,0.029,3.4,0.58,0.40,0.57,0.48,0.38,0.70,0.62,8,recent_family_holdout,blocked until risk or crowding improves
C0158,options_pressure,derivatives,-0.7349,block,live_status_blocked;weak_sharpe;thin_margin,0.4968,0.2905,0.5835,0.0554,-0.4132,0.37,0.69,0.28,0.028,1.7,0.35,0.10,0.35,0.49,0.30,0.76,0.24,4,recent_family_holdout,blocked until risk or crowding improves
C0042,liquidity_need,price_volume,-0.7482,block,weak_sharpe;self_correlation_watch;too_close_to_active_book;coverage_gap,0.7745,0.5039,1.0098,0.0594,-0.0682,0.73,0.80,0.55,0.050,4.4,0.64,0.11,0.73,0.62,0.38,0.73,0.66,8,recent_family_holdout,needs refinement before promotion
C0194,liquidity_need,price_volume,-0.7541,block,live_status_blocked;weak_sharpe;weak_fitness;thin_margin;coverage_gap,0.3780,0.4793,0.6212,0.3875,-0.4191,0.23,0.46,0.56,0.034,1.8,0.38,0.69,0.49,0.34,0.38,0.73,0.63,7,recent_family_holdout,blocked until risk or crowding improves
C0150,volume_reversal,price_volume,-0.7542,block,live_status_blocked;weak_sharpe;weak_fitness;thin_margin;turnover_risk;oos_decay_risk,0.6224,0.6464,0.6612,0.3343,-0.4033,0.66,0.59,0.66,0.074,2.8,0.30,0.60,0.49,0.63,0.53,0.81,0.42,6,recent_family_holdout,blocked until risk or crowding improves
C0057,event_pressure,news_event,-0.7551,block,live_status_blocked;weak_sharpe;weak_fitness;thin_margin,0.4970,0.4634,0.5767,0.1641,-0.3761,0.48,0.40,0.50,0.065,2.2,0.34,0.29,0.45,0.36,0.28,0.97,0.57,6,recent_family_holdout,blocked until risk or crowding improves
C0164,crowded_momentum,price_volume,-0.7593,block,live_status_blocked;weak_sharpe;weak_fitness;thin_margin;coverage_gap,0.5354,0.4750,0.5641,0.1658,-0.4213,0.41,0.59,0.52,0.065,3.0,0.22,0.30,0.56,0.41,0.29,0.71,0.38,6,recent_family_holdout,blocked until risk or crowding improves
C0020,crowded_momentum,price_volume,-0.7729,block,live_status_blocked;weak_sharpe;weak_fitness;thin_margin;turnover_risk;crowded_family,0.6206,0.4525,0.8573,0.3265,-0.4101,0.55,0.68,0.66,0.048,3.1,0.45,0.58,0.53,0.85,0.09,0.78,0.41,6,recent_family_holdout,blocked until risk or crowding improves
C0239,asset_light_reinvestment,fundamental,-0.8141,block,live_status_blocked;weak_sharpe;thin_margin;too_close_to_active_book,0.6639,0.4110,0.7858,0.1294,-0.4105,0.66,0.72,0.46,0.027,3.0,0.42,0.23,0.65,0.52,0.38,0.78,0.36,5,recent_family_holdout,blocked until risk or crowding improves
C0240,earnings_response,news_event,-0.8145,block,live_status_blocked;weak_sharpe;weak_fitness;thin_margin,0.5209,0.3673,0.6998,0.1445,-0.4127,0.36,0.54,0.47,0.033,3.3,0.54,0.26,0.46,0.30,0.20,0.76,0.49,5,recent_family_holdout,blocked until risk or crowding improves
C0211,accrual_quality,fundamental,-0.8285,block,live_status_blocked;weak_sharpe;thin_margin;too_close_to_active_book;crowded_family;oos_decay_risk,0.6937,0.4721,0.9270,0.2918,-0.4148,0.70,0.79,0.27,0.049,2.9,0.47,0.52,0.73,0.72,0.72,0.75,0.61,5,recent_family_holdout,blocked until risk or crowding improves
C0118,short_interest_stress,short_interest,-0.8341,block,live_status_blocked;weak_sharpe;weak_fitness;thin_margin;too_close_to_active_book,0.6064,0.4798,0.8748,0.2946,-0.3804,0.52,0.66,0.43,0.072,2.7,0.55,0.53,0.65,0.53,0.36,0.94,0.74,8,recent_family_holdout,blocked until risk or crowding improves
C0039,crowded_momentum,price_volume,-0.8405,block,live_status_blocked;weak_sharpe;weak_fitness;thin_margin;self_correlation_watch,0.4877,0.4805,0.8027,0.3438,-0.3889,0.38,0.56,0.48,0.063,2.0,0.64,0.61,0.40,0.48,0.37,0.90,0.51,5,recent_family_holdout,blocked until risk or crowding improves
C0215,liquidity_need,price_volume,-0.8485,block,live_status_blocked;weak_sharpe;weak_fitness;thin_margin;coverage_gap,0.5038,0.4623,0.5658,0.0930,-0.4172,0.36,0.55,0.54,0.070,3.0,0.44,0.17,0.22,0.44,0.15,0.74,0.78,8,recent_family_holdout,blocked until risk or crowding improves
C0231,analyst_revision,estimates,-0.8550,block,live_status_blocked;weak_sharpe;weak_fitness;thin_margin,0.5402,0.5110,0.7495,0.2531,-0.3878,0.53,0.54,0.55,0.070,2.0,0.49,0.45,0.39,0.65,0.25,0.90,0.84,8,recent_family_holdout,blocked until risk or crowding improves
C0125,quality_revision,fundamental,-0.8724,block,live_status_blocked;weak_sharpe;thin_margin;oos_decay_risk,0.7465,0.5834,0.7822,0.1389,-0.3923,0.75,0.83,0.57,0.030,3.1,0.49,0.25,0.54,0.52,0.70,0.88,0.25,4,recent_family_holdout,blocked until risk or crowding improves
C0195,earnings_response,news_event,-0.9385,block,live_status_blocked;weak_sharpe;weak_fitness;thin_margin,0.4014,0.4707,0.7943,0.3382,-0.4132,0.27,0.46,0.57,0.071,1.9,0.51,0.60,0.44,0.67,0.16,0.76,0.53,5,recent_family_holdout,blocked until risk or crowding improves
C0023,options_pressure,derivatives,-1.0468,block,live_status_blocked;weak_sharpe;thin_margin;crowded_family;complexity_without_edge,0.6769,0.4814,0.8728,0.0336,-0.4031,0.66,0.80,0.47,0.058,2.6,0.47,0.06,0.58,0.78,0.32,0.82,0.94,7,recent_family_holdout,blocked until risk or crowding improves
C0062,quality_revision,fundamental,-1.0591,block,live_status_blocked;weak_sharpe;thin_margin;too_close_to_active_book;crowded_family;oos_decay_risk;coverage_gap,0.7471,0.4990,0.9734,0.0862,-0.4200,0.80,0.82,0.47,0.061,3.2,0.61,0.15,0.62,0.73,0.43,0.72,0.63,8,recent_family_holdout,blocked until risk or crowding improves
C0016,crowded_momentum,price_volume,-1.0973,block,live_status_blocked;weak_sharpe;thin_margin;self_correlation_block;too_close_to_active_book;crowded_family,0.6170,0.2281,1.1968,0.0963,-0.3857,0.45,0.74,0.29,0.028,3.1,0.72,0.17,0.78,0.94,0.09,0.91,0.27,4,recent_family_holdout,blocked until risk or crowding improves
C0011,crowded_momentum,price_volume,-1.2859,block,live_status_blocked;weak_sharpe;weak_fitness;thin_margin;too_close_to_active_book;crowded_family;oos_decay_risk;coverage_gap,0.5419,0.4712,1.1136,0.1809,-0.4238,0.49,0.53,0.54,0.027,3.0,0.61,0.32,0.77,0.94,0.43,0.70,0.45,6,recent_family_holdout,blocked until risk or crowding improves
C0085,crowded_momentum,price_volume,-1.2987,block,live_status_blocked;weak_sharpe;weak_fitness;thin_margin;crowded_family,0.3563,0.4437,0.9189,0.0879,-0.3803,0.21,0.45,0.39,0.073,0.9,0.58,0.16,0.55,0.73,0.35,0.94,0.57,6,recent_family_holdout,blocked until risk or crowding improves
